title,company,salary,total_cities,cities,date,description
Analista Python,Ciel It S/A,,1,['Barueri - SP (1)'],hoje,"Analisar e desenvolver projetos de sistemas, levantar requisitos, mapear processos e realizar modelagem de dados, com objetivo de estudar e implementar sistemas de acordo com as…"
Programador Python,Empresa Confidencial,,1,['Belo Horizonte - MG (1)'],23/12,"Desenvolverá sistemas e aplicações, usando a linguagem python com viés em aplicações de robôs. Executará a montagem da estrutura de banco de dados, utilizando MySQL. Trabalhará…"
Desenvolvedor Python Pleno,Tpz Soluções Digitais Ltda,,1,['São Paulo - SP (1)'],23/12,"Programa em Python e estrutura o banco de dados. Executa a manutenção dos sistemas, fazendo eventuais correções necessárias, visando atender às necessidades dos usuários…"
Desenvolvedor Python Sênior,Empresa Confidencial,,1,['São Paulo - SP (1)'],23/12,Desenvolvimento e manutenção de projetos WEB para o Google. Experiência com Python (programação funcional/poo). Flask para criação de API's Rest. Conhecimento sólido na criação…
Desenvolvedor Python - Pleno / Sênior,Empresa Confidencial,1500.0,1,['Campinas - SP (1)'],22/12,Trabalhe em uma equipe dinâmica na criação de soluções inovadoras. As principais atividades e responsabilidades incluem. Resumir os requisitos da equipe de produtos e trabalhar…
Desenvolvedor Python Pleno/Sênior,Empresa Confidencial,,1,['Barueri - SP (1)'],23/12,"Responsável pela execução de testes funcionais e integrados com validações de código (Sonar) e Atuar com ferramentas de dados (AWS Aurora, PostgreSQL, Mongo DB). Formação…"
Desenvolvedor de Software Pleno - Python,Empresa Confidencial,,1,['Joinville - SC (1)'],20/12,"Desenvolver e manter software de acordo com os requisitos do projeto, entregando código dentro dos padrões de qualidade adotados pela empresa, compreender e discutir sobre o…"
Desenvolvedor Python -Vue.js Pl,4 LINUX,,1,['Brasilia - DF (1)'],20/12,**Principais Tarefas: Atividades e Responsabilidades - Desenvolvimento e manutenção de aplicações web: - Desenvolver e sustentar integrações via API com parceiros; - Realizar a…
Engenheiro de Dados Sênior Azure e Python,NPW It Consultoria em Informática Ltda,,1,['São Paulo - SP (1)'],23/12,"Construir pipelines de extração de dados de diversas fontes e armazenar em um Azure Data Lake, utilizando Python, Suportar e monitorar a plataforma de dados do cliente…"
Analista de Desenvolvimento de Software Pleno (Java | Python),TOTVS S.A.,,1,['São Paulo - SP (1)'],23/12,"Trabalhar em um time colaborativo, em que práticas de pareamento, feedbacks e motivação para se desenvolver, são comuns a todos. Desenvolvimento de aplicações em Java / Python…"
Desenvolvedor Python,Empresa Confidencial,,1,['São Paulo - SP (1)'],25/11,"Desenvolvedor de Backend Python/Django para a indústria de games. Criação de API Python para Integrações internas. Requisitos : Conhecimento Python, Django, Docker, Docker…"
Desenvolvedor Python,Entrust-Consultoria de Tecnologia Informação Ltda.,6500.0,3,['São Paulo - SP (3)'],17/11,Experiência em desenvolvimento Python. Experiência em desenvolver ferramentas de soluções dentro do Python. Ter conhecimento de biblioteca. Provedor de soluções diversas…
Desenvolvedor Python,Empresa Confidencial,,1,['São Paulo - SP (1)'],14/12,"Irá desenvolver sistemas inteligentes utilizando Python. Processamento e reconhecimento de imagens, dentre outras atividades relacionadas a função. Ensino Superior completo.…"
Programador Python,Empresa Confidencial,6500.0,1,['Barueri - SP (1)'],08/12,"Programação de APIs, Back-end, Git, Restful API, Docker e microsserviços. Conhecimentos em Python / Back-end."
Desenvolvedor Python,Empresa Confidencial,,1,['São Paulo - SP (1)'],17/11,"Atuar como desenvolvedor (a) Python em clientes do segmento bancário. * Experiência com linguagem Python/.Net * Linguagens HTML, CSS3, JSON, Markdown, Zope Plone *…"
Desenvolvedor Python,MOLLICA RH EIRELI - ME,,1,['Avaré - SP (1)'],05/11,"Liderar, orientar e orientar tecnicamente as equipes e garantir a entrega; Capacidade de preparar histórias e desenvolver componentes individuais de uma história; Possuir…"
Desenvolvedor Python,RECRIARTI,,1,['Rio de Janeiro - RJ (1)'],17/12,"Kills: Experience as a Python Developer; Designation: Software Engineer; Department: Data Science & Platform Engineering; 100% Remote; Needs to be a ""Legal Person""…"
Desenvolvedor Python,FITEC,,2,['Campinas - SP (2)'],10/12,O Desenvolvedor de software terá responsabilidades e grandes oportunidades de crescimento técnico e pessoal. A equipe trabalha em projetos com uso de tecnologia Python…
Programador Python,B2ML SISTEMAS,1500.0,1,['Itajuba - MG (1)'],09/12,"Programar em Python e estruturar o banco de dados. Executar a manutenção dos sistemas, fazendo eventuais correções necessárias, visando atender às necessidades dos usuários…"
Desenvolvedor Python,Empresa Confidencial,,1,['Ribeirão Preto - SP (1)'],26/11,"Fará parte de uma equipe multidisciplinar, e atuará como Desenvolvedor Python Django em diversos pilares do nosso produto. De forma colaborativa, poderá agregar novas…"
Programador Python,Empresa Confidencial,5500.0,4,['Brasilia - DF (4)'],18/11,"Programa em Python e estrutura o banco de dados. Executar a manutenção dos sistemas, fazendo eventuais correções necessárias, visando atender às necessidades dos usuários…"
Python Developer,Oowlish Technology Eireli,,1,['Porto Alegre - RS (1)'],08/11,Procuramos um desenvolvedor Python experiente com experiência prática em muitas facetas técnicas do campo de desenvolvimento da Web. Amplo conhecimento em Python; Experiência…
Desenvolvedor Python,Empresa Confidencial,3500.0,1,['Belo Horizonte - MG (1)'],22/12,Desenvolver soluções de captura de dados desestruturados e formar semântica para estruturá- los (no seu time vai ter frontend e backend) Multiple fields de um currículo e de…
Desenvolvedor Python,Empresa Confidencial,,1,['Santos - SP (1)'],14/12,"-Análise, desenvolvimento e manutenção de scripts em python, Django e Javascriot utilizando princípios de codificação limpa (PEP8) - Scripts, Orientação a objeto; -Analisar logs…"
Python Developer,Oowlish Technology Eireli,,1,['Rio de Janeiro - RJ (1)'],08/11,Procuramos um desenvolvedor Python com experiência prática em muitas facetas técnicas do campo de desenvolvimento web. Deve ter: Amplo conhecimento em Python; Experiência usando…
Desenvolvedor Python,Empresa Confidencial,9500.0,5,['São Paulo - SP (5)'],02/11,"Estamos contratando Desenvolvedor Python para a execução de projetos de transformação digital, desenvolvendo ferramentas inovadoras para entregar a melhor experiência para os…"
Python Developer,Empresa Confidencial,,5,['São Paulo - SP (5)'],07/07,"O que fazemos na equipe de Technology? Desenhamos, desenvolvemos e implementamos soluções. Somos owners de nossos projetos e executamos do início ao fim. Nos capacitamos e…"
Programador Python,TEKTON,,1,['São Paulo - SP (1)'],24/11,Desenvolverá softwares que serão comercializados e implantados em serviços especializados. Procuramos programador que entenda de python e bibliotecas Django e/ou Streamlit.
Python Engineer,Oowlish Technology Eireli,,1,['Belo Horizonte - MG (1)'],08/11,Deve ter: Amplo conhecimento em Python; Experiência usando Django Experiência em integração de APIs de terceiros; Ter conhecimento em bancos de dados SQL e NoSQL Comprometido…
Programador Python,AGENCE,8500.0,1,['São Paulo - SP (1)'],03/12,Atividades Principais: - Estruturação e desenvolvimento de sistemas - Elaboração de Relatórios - Suporte às áreas ligadas ao desenvolvimento de sistemas - Manutenção dos…
Programador Python,Empresa Confidencial,,1,['São Paulo - SP (1)'],29/11,"Desenvolvimento Conhecimento especializado de Python, Java Spring Boot Conhecimento especializado em SQL Server, escrevendo consultas e junções complexas, trabalhando…"
Desenvolvedor Python,DGM,,1,['São Paulo - SP (1)'],11/11,"A Share RH em parceria com a Object Edge, empresa de soluções em E-Commerce, buscam por uma PE SS OA DESENVOLVEDORA WEB FRONTEND para atuação em 100% REMOTA . Sobre a Object Edge…"
Desenvolvedor Python,MOLLICA RH EIRELI - ME,,1,['Avaré - SP (1)'],05/11,Estamos trabalhando esta oportunidade para Spassu Tecnologia. Sobre a Spassu: Nossos times são repletos de especialistas sedentos por desafios cada vez maiores! Acreditamos…
Desenvolvedor Python,A & M Yours Servicos Empresariais Ltda,,1,['Porto Alegre - RS (1)'],09/12,"Criar sistemas e ferramentas de automação para configurar, monitorar e orquestrar a infraestrutura de dados e pipelines. Criar serviços de integração de dados para ajudar a…"
Desenvolvedor Python,Cedro Technologies Ltda.,,1,['São Paulo - SP (1)'],17/12,Apoiar na criação e manutenção de sistemas atuais. …
Programador Python,Empresa Confidencial,,1,['São Paulo - SP (1)'],01/12,"Atuar com programação Fullstack, Django, consumo de APIS REST, bancos de dados, JavaScript, jQuery, HTML e CSS."
Programador Python,Lidere Soluções Ltda,5500.0,1,['Goiania - GO (1)'],10/11,"- Experiência com Django Framework: Forms, Templates, Views, Models e Database - Experiência com rotinas de CI/CD; - Experiência com TDD (Test Driven Development); …"
Programador Python,Empresa Confidencial,,1,['São Paulo - SP (1)'],29/10,Conhecimento e experiência com framework Django. Conhecimento em banco de dados Mysql e Postgres. Conhecimento no mercado financeiro é um diferencial.
Desenvolvedor Python Sênior,Digital It Global Solucoes em Tecnologia da Informacao LTDA,8500.0,1,['Rio de Janeiro - RJ (1)'],10/11,Desenvolvedor com experiência em desenvolvimento web com Python e Framework Django. Desenvolvimento de módulos e aplicativos web em Python usando o framework Django. Ensino…
Desenvolvedor Python Sênior,Digital It Global Solucoes em Tecnologia da Informacao LTDA,8500.0,1,['São Paulo - SP (1)'],10/11,Desenvolvedor com experiência em desenvolvimento web com Python e Framework Django. Desenvolvimento de módulos e aplicativos web em Python usando o framework Django. Ensino…
Programador Python Full Stack,Empresa Confidencial,,6,"['Belo Horizonte - MG (1)', 'Cuiaba - MT (1)']",03/12,Procuramos desenvolvedores com experiência em desenvolvimento e programação de software em PYTHON. Nosso Desenvolvedor Full Stack deve ter nível pleno em linguagem Python e…
Especialista de Tecnologia - Python,Empresa Confidencial,,1,['São Paulo - SP (1)'],29/11,"Programa em Python e estrutura o banco de dados. Executa a manutenção dos sistemas, fazendo eventuais correções necessárias, visando atender às necessidades dos usuários…"
Python Developer Sênior,STEPWISE,,2,"['São Carlos - SP (1)', 'São Paulo - SP (1)']",17/12,"- Análise de consistências de dados; - Testes unitários; - Ajustes e melhorias no código (Python). Python (Pandas, Pyspark); - SQL; - AWS (Batch, Lambda, S3); - Git; …"
Analista Python e Django,FULL TIME SOLUÇÕES EM ATIVOS,6500.0,1,['São Paulo - SP (1)'],13/12,"Experiência na função. ECS, EDS, S3. Desenvolvimento de Dashboard web. Construção de APIS. Implementação de Scripts em Python para extração de dados em documentos TXT…"
Python Developer Sênior,Empresa Confidencial,,1,['Avaré - SP (1)'],07/12,Projetar e desenvolver APIs REST Python e serviços de backend. Desenvolvimento de serviços Python hospedados no Microsoft Azure.
Programador Python para Odoo,Nds Informática Ltda. - ME,,4,"['Belo Horizonte - MG (1)', 'Florianópolis - SC (1)']",26/11,"Plataforma Odoo ERP Sistema conhecido internacionalmente, e desenvolvido em Python e Django Desenvolver e dar manutenção a plataforma. Programadar em Python Conhecer um pouco…"
Estágio na área de Programação Python,E- Software Sistemas Ltda. ME,1000.0,1,['Belo Horizonte - MG (1)'],09/12,"Necessário conhecimento com Programação Python, com conhecimento em framework, Django, HTML, CSS, JavaScript. Desenvolvimento de Sistemas, tecnólogos e afins. Sistemas da…"
Programador Python para Odoo,Nds Informática Ltda. - ME,,1,['Maringa - PR (1)'],26/11,"Plataforma Odoo ERP Sistema conhecido internacionalmente, e desenvolvido em Python e Django Desenvolver e dar manutenção a plataforma. Informações adicionais Ocultar seção …"
Python Engineer - Remote,Oowlish Technology Eireli,,1,['Recife - PE (1)'],08/11,Procuramos um engenheiro Python experiente com experiência prática em muitas facetas técnicas do campo de desenvolvimento da Web. Deve ter Amplo conhecimento em…
Python Engineer - Remote,Oowlish Technology Eireli,,1,['Porto Alegre - RS (1)'],08/11,Procuramos um engenheiro Python experiente com experiência prática em muitas facetas técnicas do campo de desenvolvimento da Web. Deve ter Amplo conhecimento em…
Desenvolvedor Python + AWS,MOLLICA RH EIRELI - ME,,1,['Avaré - SP (1)'],08/11,"Estamos em busca de profissionais inovadores e criativos, que tenham paixão em desenvolver e que almejem evoluir e aprender! Experiência com linguagens de programação Python…"
Python Engineer - Remote,Oowlish Technology Eireli,,1,['Florianópolis - SC (1)'],08/11,Procuramos um engenheiro Python experiente com experiência prática em muitas facetas técnicas do campo de desenvolvimento da Web. Deve ter Amplo conhecimento em…
Python Engineer - Remote,Oowlish Technology Eireli,,1,['São Paulo - SP (1)'],08/11,Procuramos um engenheiro Python experiente com experiência prática em muitas facetas técnicas do campo de desenvolvimento da Web. Deve ter Amplo conhecimento em…
Desenvolvedor Python / SQL,Empresa Confidencial,,1,['Porto Alegre - RS (1)'],09/12,"Programação em Phyton e SQL. Criação de objetos e programação de ETLs. Análises, relatórios, rotinas acionamento de clientes estratégicos pra fomentar vendas/campanhas. Trabalho…"
Desenvolvedor Python Sênior,Empresa Confidencial,,1,['São Paulo - SP (1)'],06/12,Responsabilidades: ? Evolução: realizar desenvolvimento de novas funcionalidades do backend qualificado sempre um código e organizado ? APIs: responsável por desenvolver e…
Desenvolvedor Backend Python,Mazzatech Serviços e Consultoria em Informática,,1,['São Paulo - SP (1)'],29/11,Empresa com foco em Fast Food esta em busca de um profissional com experiência em desenvolvimento de sistemas utilizando .Net e Python. Conhecimentos de GCP (Google Cloud…
Python Software Developer,Empresa Confidencial,,1,['São Paulo - SP (1)'],11/11,"Atuar com desenvolvimento Full Stack e APIs, desenvolvimento de aplicações e arquiteturas, padrão RESTful, webservices, aplicações responsivas, APIs, RESTS e integrações de…"
Back-end Python Developer,J. de Paula Fioravante - Software,,1,['Ribeirão Preto - SP (1)'],08/11,"Programação de Software, sustentação, manutenção e correções de bug do sistema. Experiência com: Python 3.1 ou superior. Desenvolvimento de API RESTful. Desejável: Arquitetura de…"
Python Engineer - Remote,Oowlish Technology Eireli,,1,['Belo Horizonte - MG (1)'],08/11,Procuramos um engenheiro Python experiente com experiência prática em muitas facetas técnicas do campo de desenvolvimento da Web. Deve ter Amplo conhecimento em…
Python Engineer - Remote,Oowlish Technology Eireli,,1,['Fortaleza - CE (1)'],08/11,Procuramos um engenheiro Python experiente com experiência prática em muitas facetas técnicas do campo de desenvolvimento da Web. Deve ter Amplo conhecimento em…
Python Engineer - Remote,Oowlish Technology Eireli,,1,['Curitiba - PR (1)'],08/11,Procuramos um engenheiro Python experiente com experiência prática em muitas facetas técnicas do campo de desenvolvimento da Web. Deve ter Amplo conhecimento em…
Python Engineer - Remote,Oowlish Technology Eireli,,1,['Rio de Janeiro - RJ (1)'],08/11,Procuramos um engenheiro Python experiente com experiência prática em muitas facetas técnicas do campo de desenvolvimento da Web. Deve ter Amplo conhecimento em…
Python Engineer - Remote,Oowlish Technology Eireli,,1,['Salvador - BA (1)'],08/11,Procuramos um engenheiro Python experiente com experiência prática em muitas facetas técnicas do campo de desenvolvimento da Web. Deve ter Amplo conhecimento em…
Python Developer Sr,Empresa Confidencial,,1,['São Paulo - SP (1)'],05/11,What is SR Python developer? Senior Python Developer responsibilities include participating in all phases of the software development lifecycle and coaching junior developers. If…
Desenvolvedor Python - Pleno,Empresa Confidencial,,1,['Aracaju - SE (1)'],17/12,Descrição da vaga: No seu dia a dia irá trabalhar com desenvolvimento de funcionalidades para serviços voltados para o mercado financeiro. Com o apoio de outros membros do…
Python Developer - PL,Empresa Confidencial,,1,['Porto Alegre - RS (1)'],19/11,"Vaga 100% Home Office (Aceitamos candidatos de todo o Brasil). Inglês avançado ou fluente, falado e escrito Competências gerais: Comunicar-se de forma eficaz e transmitir…"
Desenvolvedor(a) Python Sênior,Sample Med Serviços Médicos S/S Ltda.,,1,['São Paulo - SP (1)'],03/11,"A Samplemed é especialista em inovação tecnológica para o mercado de subscrição de riscos para seguros de pessoas, garantindo a seguradoras e resseguradoras velocidade…"
Desenvolvedor Python Sênior,SKYONE CLOUD SOLUTIONS,,1,['São Paulo - SP (1)'],13/12,Participar da organização do backlog das atividades para sprint. Pontuar as atividades para mensurar tempo de entrega. Participar do planejamento dos sprints quinzenalmente junto…
Programador Python e React,Empresa Confidencial,,1,['São José do Rio Preto - SP (1)'],03/11,Programação na linguagem PYTHON. Ensino Superior em Tecnologia da Informação.
Analista de desenvolvimento Python,Empresa Confidencial,,1,['São Paulo - SP (1)'],01/12,Atuar nas atividades de desenvolvimento de produto. Pesquisa / Analise / Programação / Teste técnicos de produtos e soluções para atender demandas de clientes e de novos mercados…
Desenvolvedor Python Pleno,Capitani IT Solutions e Informática Ltda.,,1,['São Paulo - SP (1)'],09/11,Desenvolvimento de api?s REST. Atuar com Python 3. Flask. Conhecimentos com bancos de dados(Desejável Postgres). Conhecimentos em design e arquitetura de software. Metodologias…
Desenvolvedor Full Stack Python,Visie Padrões Web e Treinamento de Tecnologia Ltda,,1,['São Paulo - SP (1)'],03/11,Procuramos um(a) Desenvolvedor(a) Full Stack (back-end Python) com bom nível de autonomia para criação e desenvolvimento de páginas e sistemas para web. A pessoa terá horário…
Desenvolvedor Full Stack Python,Visie Padrões Web e Treinamento de Tecnologia Ltda,,1,['Belo Horizonte - MG (1)'],03/11,Procuramos um(a) Desenvolvedor(a) Full Stack (back-end Python) com bom nível de autonomia para criação e desenvolvimento de páginas e sistemas para web. A pessoa terá horário…
Desenvolvedor Full Stack Python,Visie Padrões Web e Treinamento de Tecnologia Ltda,,1,['Brasilia - DF (1)'],03/11,Procuramos um(a) Desenvolvedor(a) Full Stack (back-end Python) com bom nível de autonomia para criação e desenvolvimento de páginas e sistemas para web. A pessoa terá horário…
Desenvolvedor Full Stack Python,Visie Padrões Web e Treinamento de Tecnologia Ltda,,1,['Rio de Janeiro - RJ (1)'],03/11,Procuramos um(a) Desenvolvedor(a) Full Stack (back-end Python) com bom nível de autonomia para criação e desenvolvimento de páginas e sistemas para web. A pessoa terá horário…
Desenvolvedor(A) Python - Pleno(A),Visie Padrões Web e Treinamento de Tecnologia Ltda,,1,['Florianópolis - SC (1)'],03/11,"Procuramos desenvolvedores(as) Python para atuar com integração de dados. Tecnicamente espera-se flexibilidade em consumir e manipular dados de fontes diversas: APIs, banco de…"
Desenvolvedor Full Stack Python,Visie Padrões Web e Treinamento de Tecnologia Ltda,,1,['Vitoria - ES (1)'],03/11,Procuramos um(a) Desenvolvedor(a) Full Stack (back-end Python) com bom nível de autonomia para criação e desenvolvimento de páginas e sistemas para web. A pessoa terá horário…
Desenvolvedor Full Stack Python,Visie Padrões Web e Treinamento de Tecnologia Ltda,,1,['Florianópolis - SC (1)'],03/11,Procuramos um(a) Desenvolvedor(a) Full Stack (back-end Python) com bom nível de autonomia para criação e desenvolvimento de páginas e sistemas para web. A pessoa terá horário…
Programador Python - Pleno,R&D DISTRIBUIDORA TRUSS,4500.0,1,['Barueri - SP (1)'],11/11,"Realizar manutenção dos sistemas, correções, visando atender a necessidade dos usuários. Desenvolver montagem, depuração e testes de programas, Ter experiências anteriores com…"
Desenvolvedor Python - Remoto,Infobase Consultoria e Informática Ltda.,,6,"['Rio de Janeiro - RJ (3)', 'São Paulo - SP (3)']",22/11,"Infobase é uma das empresas de consultoria que mais cresce hoje no Brasil, tendo ganho inúmeros prêmios, incluindo o de melhor integradora e consultoria de TI pela informática…"
Desenvolvedor Python/Django,Join Tecnologia da Informática Ltda. ME,,1,['Porto Alegre - RS (1)'],04/11,"Realizar implementação dos códigos fontes de artefatos de implementação (classes, pacotes, builds, componentes, serviços, aplicações, scripts de bancos de dados) de acordo com os…"
Desenvolvedor Python/Javascript,Empresa Confidencial,,1,['Barueri - SP (1)'],25/11,"Atuar com Python/Javascript; Ferramentas de dados (AWS Aurora, PostgreSQL, Mongo DB); Nuvem (AWS); Bitbucked/Git; Jira; Conhecimento em IDE?s de desenvolvimento; Responsável pela…"
Tech Lead Python,SKYONE CLOUD SOLUTIONS,17500.0,1,['São Paulo - SP (1)'],10/12,"Trabalhar em grupo, em uma ""squad"" de desenvolvimento. Conhecer e seguir o processo de desenvolvimento de software. Conversar regularmente com o coordenador e com o…"
Desenvolvedor(A) Python - Pleno(A),Visie Padrões Web e Treinamento de Tecnologia Ltda,,1,['Brasilia - DF (1)'],03/11,"Procuramos desenvolvedores(as) Python para atuar com integração de dados. Tecnicamente espera-se flexibilidade em consumir e manipular dados de fontes diversas: APIs, banco de…"
Desenvolvedor(A) Python - Pleno(A),Visie Padrões Web e Treinamento de Tecnologia Ltda,,1,['Belo Horizonte - MG (1)'],03/11,"Procuramos desenvolvedores(as) Python para atuar com integração de dados. Tecnicamente espera-se flexibilidade em consumir e manipular dados de fontes diversas: APIs, banco de…"
Desenvolvedor(A) Python - Pleno(A),Visie Padrões Web e Treinamento de Tecnologia Ltda,,1,['Vitoria - ES (1)'],03/11,"Procuramos desenvolvedores(as) Python para atuar com integração de dados. Tecnicamente espera-se flexibilidade em consumir e manipular dados de fontes diversas: APIs, banco de…"
Desenvolvedor(A) Python - Pleno(A),Visie Padrões Web e Treinamento de Tecnologia Ltda,,1,['Rio de Janeiro - RJ (1)'],03/11,"Procuramos desenvolvedores(as) Python para atuar com integração de dados. Tecnicamente espera-se flexibilidade em consumir e manipular dados de fontes diversas: APIs, banco de…"
Python Developer Sênior,Dun & Bradstreet do Brasil Ltda,,1,['São Paulo - SP (1)'],23/11,CIAL Dun & Bradstreet (cialdnb.com) is part of Dun & Bradstreet?s worldwide network (dnb.com).? CIAL Dun & Bradstreet operates in over 40 countries in Latin America. Our SaaS…
Tech Lead Python,Empresa Confidencial,,1,['São Paulo - SP (1)'],11/11,"Atuar com tecnologia de recuperação e raspagem de dados, preferencialmente em larga. Experiência em liderança de engenharia e gestão de pessoas. Experiência na função."
Analista Desenvolvedor Python Pleno,THE COFFEE,,1,['Curitiba - PR (1)'],07/12,"Como Analista Desenvolvedor Python Pleno/Sênior, você ajudará nossos clientes desenvolvendo melhorias e novas funcionalidades em nossos sistema de ERP chamado Odoo, visando…"
Analista Sênior de Python e Django,FULL TIME SOLUÇÕES EM ATIVOS,12500.0,1,['São Paulo - SP (1)'],16/12,Experiência na função. Planejar e implementar soluções para projetos escritos em Django. Participação na Daily para acompanhamento do projeto. Manter a qualidade do código e…
ANALISTA DE IMPLANTAÇÃO E SUPORTE (Python),Empresa Confidencial,,1,['Timbo - SC (1)'],09/12,"Será responsável pela implantação e manutenção de software, além de prestar apoio a clientes e às áreas internas da empresa. Participa na documentação de rotina e acompanha o…"
Desenvolvedor Python Senior Back-end,Empresa Confidencial,,1,['São Paulo - SP (1)'],08/12,"Requisitos: - Python e seus frameworks como Django, Flask, FastAPI e afins - Bancos de dados relacionais como Postgres, Mysql, etc - Git - Docker - TDD e conhecimento de…"
Desenvolvedor Python Pleno Back-end,Empresa Confidencial,,1,['São Paulo - SP (1)'],08/12,"Requisitos: - Python e seus frameworks como Django, Flask, FastAPI e afins - Bancos de dados relacionais como Postgres, Mysql, etc - Git - Docker - TDD e conhecimento de…"
Desenvolvedor Back End - Django/Python,Empresa Confidencial,,1,['São Paulo - SP (1)'],24/11,"Procuramos por desenvolvedor backend Django/Python Objetivo: Desenvolvimento e manutenção de sites de conteúdo e aplicações web focadas em páginas de conteúdo, sistemas…"
Desenvolvedor Back-end Python Sênior,PRESTCON,,2,['Rio de Janeiro - RJ (2)'],09/11,"Desenvolvimento e manutenção de sistemas com a linguagem Python em Back-end. Python; React JS; Inglês fluente. Experiência no design, construção e consumo de APIs REST; Modelagem…"
Analista Programador(a) Python – Sênior,Empresa Confidencial,,1,['São Paulo - SP (1)'],13/07,"Desenvolvimento em Python, Java, ETL Talend, MySQL, AWS Redshift e AWS Aurora. Experiência em desenvolvimento em Python, Java, ETL Talend, MySQL, AWS Redshift e AWS Aurora…"
Analista de Pesquisa - Desenvolvedor Python,MERQUEO COMÉRCIO VAREJISTA,5500.0,1,['São Paulo - SP (1)'],10/12,Projetar e criar ferramentas básicas temporárias. Suportar modelos estatísticos e otimizações para novas ferramentas ou ferramentas existentes. Projetar visualizações e consultas…
Analista Programador(a) Python - Júnior,Empresa Confidencial,,1,['São Paulo - SP (1)'],19/11,"Análise funcional e manipulação de grandes volumes de dados. Conhecimentos em linguagens de programação: Java, Python, PL/SQL e VB. Banco de dados: SQL Server Vivência no…"
Desenvolvedor Full Stack (Python+React),All-Easy Consultoria em Informática Ltda,,1,['São Paulo - SP (1)'],22/11,Estimar a execução de tarefas de desenvolvimento por meio de análise dos requisitos de negócio solicitados (funcionais e não funcionais). Implementar os requisitos de negócio…
Tech Lead Python Django,Empresa Confidencial,,1,['São Paulo - SP (1)'],16/11,"Atuar com Phyton, Django/Flask, Javascript, PostgreSQL, Firebase, AWS. Experiência como back end utilizando Python Django ou Flask."
Estágio na área de Programação Python com Django,IBANG ,,1,['São Paulo - SP (1)'],09/08,"Atuar com programação Web com programa Python com Django, IIS, HTML5, ccs5, SQL, e banco de dados Mysql. Conhecimento de Inglês fluente. Conhecimento de Inglês fluente. Ensino…"
Programador Backend Python Sênior,Spread Teleinformática Ltda.,12500.0,1,['São Paulo - SP (1)'],05/11,"Programar e codificar e testar os projetos criados. A manutenção dos sistemas também faz parte das suas tarefas diárias. Conhecimentos em: Python, Docker, Django, Jenkins…"
Analista de Sistemas PHP Python,HITSS DO BRASIL,,1,['São Paulo - SP (1)'],11/11,"Ensino Superior completo; Experiência com desenvolvimento utilizando Perl , php e/ou Python; Conhecimentos em: Protocolo TCP/IP, endereçamento IP. SGDB Mysql ou MariaDB. Acessos…"
Analista de Melhoria Contínua - Programador Python,MERQUEO COMÉRCIO VAREJISTA,,1,['São Paulo - SP (1)'],19/10,"Merqueo é um supermercado online que está revolucionando o varejo da América Latina, com entregas rápidas, preços baixos e grande variedade. Convidamos você a fazer parte desse…"
Desenvolvedor Python Pleno / Sênior,All-Easy Consultoria em Informática Ltda,,1,['São Paulo - SP (1)'],23/11,Estimar a execução de tarefas de desenvolvimento por meio de análise dos requisitos de negócio solicitados (funcionais e não funcionais); Implementar os requisitos de negócio…
Analista de Robótica - Programador Python,MERQUEO COMÉRCIO VAREJISTA,4500.0,1,['São Paulo - SP (1)'],03/11,"Merqueo é um supermercado online que está revolucionando o varejo da América Latina, com entregas rápidas, preços baixos e grande variedade. Convidamos você a fazer parte desse…"
Full Stack Developer With Python,DISYS do Brasil Servicos de Tecnologia Ltda.,,1,['Rio de Janeiro - RJ (1)'],07/12,"Skills Required: C#, Web API, REST API, Web Forms, AngularJS and/or ReactJS with Redux/MobX, Entity Framework or similar, SQL Server,, LINQ, Azure DevOps and Git Agile…"
Desenvolvedor Python – Omni Web,Flex Gestão de Relacionamentos S.A.,,1,['Florianópolis - SC (1)'],22/11,"Analisar a viabilidade de demandas apresentadas pelos usuários a serem implementadas nos programas/sistemas existentes. Pesquisar, analisar e sugerir e contribuir na…"
Engenheiro de Dados - Sênior Python & Spark,SEMANTIX TECNOLOGIA EM SISTEMA DE INFORMACAO S.A.,,1,['São Paulo - SP (1)'],19/11,"Atuar de forma consultiva na Ingestão e tratamento de dados com Python e Spark. Criação de pipelines em real-time e construção de Apis. Necessário Vivência com Hadoop, Python e…"
Back End Python Django JR/ Pleno,Empresa Confidencial,,1,['São Paulo - SP (1)'],03/12,"Atuar com back end utilizando Python Django , sera o futuro Tech Lead. Phyton Django/Flask Javascript, PostgreSQL, Firebase e AWS."
Programador Back-end Python + Django Pleno,FANTASTSOFT SISTEMAS,,1,['Belo Horizonte - MG (1)'],04/11,Desenvolvimento de aplicativo de gerenciamento web back-end Python+Django; Realizar a manutenção e criação de novas funcionalidades; Desenvolver e sustentar integrações; Buscar…
Analista de Desenvolvimento Back-end (Python/ .NET),Cedro Technologies Ltda.,,2,['Uberlândia - MG (2)'],17/12,"Buscamos um(a) Cedrense para auxiliar na implementação de soluções, sugestões de design, desenvolvimento de novas funcionalidades, apoio na sustentação e evolução do nosso…"
Big Data / Python Sênior,FOURSYS,,1,['São Paulo - SP (1)'],30/11,"Proporcionar soluções técnicas eficientes, flexíveis e que atendem ao negócio; Ser uma referência técnica, motivar positivamente o ambiente, auxiliar no momento de realizar…"
Analista Desenvolvedor Python Sênior,AXXIOM,,1,['Belo Horizonte - MG (1)'],25/11,"Atuar em desenvolvimento de solução para projeto de P&D. Realizar codificações de novos sistemas, implementações de funcionalidades, integrações com outras plataformas; Analisar…"
Analista Desenvolvedor Python Sênior,Foursys Projetos e Sistemas em Informática Ltda.,,1,['São Paulo - SP (1)'],22/11,"Proporcionar soluções técnicas eficientes, flexíveis e que atendem ao negócio; Ser uma referência técnica, motivar positivamente o ambiente, auxiliar no momento de realizar…"
Analista de Sistemas/Desenvolvedor (Python),Empresa Confidencial,,1,['São Paulo - SP (1)'],19/11,* DESENVOLVIMENTO E MANUTENÇÃO * BANCO DE DADOS Esclarecemos na entrevista. - Experiência com desenvolvimento de sistemas como Analista Sênior. - Sólidos conhecimentos no…
Python Developer Projeto Internacional,BRQ Soluções em Informática S.A,5500.0,1,['São Paulo - SP (1)'],05/11,"Desenvolvimento de Scrappers e Web Crawlers, construção de adaptadores de dados para processos de ETL. Criação de algoritmos de manipulação, higienização e merge de dados e…"
Fullstack Python React Projeto Internacional,BRQ Soluções em Informática S.A,,1,['São Paulo - SP (1)'],05/11,"Executar a manutenção dos sistemas, fazendo eventuais correções necessárias, visando atender às necessidades dos usuários. Desenvolver trabalhos de montagem, depuração e testes…"
Estágio em Área de Programação - Python/C#/HTML/JavaScript,DSS,1500.0,1,['Santo Andre - SP (1)'],30/11,"Homologar desenvolvimentos realizados, aperfeiçoar produto (Sistema) já existente, desenvolver produtos na linguagem Python, C#, HTML e JavaScript. Programar em alguma linguagem…"
Desenvolvedor Python JS-Angular/Mongo,Decision Desenvolvimento de Sistemas Ltda.,,1,['Fortaleza - CE (1)'],23/11,"Programa em Python e estrutura o banco de dados. Executa a manutenção dos sistemas, fazendo eventuais correções necessárias, visando atender às necessidades dos usuários…"
Desenvolvedora Fullstack Python Pleno e Sênior,MOLLICA RH EIRELI - ME,,1,['Santa Rita do Sapucai - MG (1)'],19/11,"Atuar com as linguagens: Python, Javascript, HTML, CSS. Experiência com os frameworks: React, Flask. Experiência com os Bancos de dados: PostgreSQL, MongoDB, NoSQL. Conhecimento…"
Programador Junior/Iniciante - Python - REMOTO,VALINKE.COM,2500.0,4,"['Campinas - PR (2)', 'Indaiatuba - SP (2)']",09/12,"Oportunidade para atuar na área de produtos, Desenvolvimento de ferramentas (baseadas em Pyhton e React), Desenvolvimento e habilidades de programação em outras linguagens."
DESENVOLVEDOR BACKEND PYTHON JÚNIOR (REMOTO),Empresa Confidencial,,11,"['Belo Horizonte - MG (1)', 'Brasilia - DF (1)']",08/11,"- Desenvolvimento back-end de aplicações Web; - Desenvolver novas funcionalidades e atuar na resolução de bugs das aplicações, junto com o time; - Trazer boas práticas e…"
Desenvolvedor de Software Python - Líder Técnico,People Talent Soluções Em Recursos Humanos Eireli,,1,['São Paulo - SP (1)'],03/12,"Desenvolver e manter software de acordo com os requisitos do projeto, entregando código dentro dos padrões de qualidade adotados pela Magrathea. Compreender e discutir sobre o…"
Desenvolvedor(A) Python – Omni Web (Home office),FLEX GESTÃO DE RELACIONAMENTOS,,1,['Florianópolis - SC (1)'],02/12,"- Analisar a viabilidade de demandas apresentadas pelos usuários a serem implementadas nos programas/sistemas existentes; - Pesquisar, analisar e sugerir e contribuir na…"
Desenvolvedor Python - Home Office,Search Recursos Humanos,,1,['São Paulo - SP (1)'],13/12,"Tecnologia - Experiência com Python 3.0, Framework Django e/ou outros para WEB, uso do Guideline PEP8 e Orientação a Objetos; - Conhecimentos de Javascript; - Experiência com…"
Analista Programador Backend Developer - SQL / NodeJS / Python,Drift Comércio De Alimentos S/a.,,1,['Vila Velha - ES (1)'],11/11,"Atuar com Linguagem SQL, NodeJS ou Python ou R. Graduação (ou andamento) em cursos da área de Tecnologia da Informação. Conhecimento avançado em linguagem SQL. Conhecimento…"
Desenvolvedor Full Stack Pleno - Python / React e Node JS,Solutis Tecnologias Ltda.,,1,['Salvador - BA (1)'],13/12,"Em nossos processos transitamos entre sistemas legados até projetos com Inteligência Artificial, DevOps, Machine Learning RPA, Chatbots, envolvendo transbordo para chat…"
"Desenvolvedor Backend - Node.JS, GraphQL, Golang e Python",Empresa Confidencial,,1,['São Paulo - SP (1)'],01/12,"Desenvolvimento de sistemas. Sustentação e integração de sistemas. Desenvolvimento de funcionalidades no backend. Conhecimento com Dev Web Back: PHP (7 ou superior, com uso de…"
Analista Desenv. Sistemas Jr (Analista Telecom - Python) - Home office,FLEX GESTÃO DE RELACIONAMENTOS,,1,['Florianópolis - SC (1)'],02/12,"- Prestar suporte á serviços e servidores Linux e Windows - Prestar suporte a redes de telefonia - Prestar suporte a Asterisk, análise, troubleshooting e desenvolvimento …"
